date,OT
2023-10-04 00:00:00,2146
2023-10-04 00:01:00,3621
2023-10-04 00:02:00,3698
2023-10-04 00:03:00,3667
2023-10-04 00:04:00,3316
2023-10-04 00:05:00,2815
2023-10-04 00:06:00,1658
2023-10-04 00:07:00,2288
2023-10-04 00:08:00,3638
2023-10-04 00:09:00,4462
2023-10-04 00:10:00,4414
2023-10-04 00:11:00,4315
2023-10-04 00:12:00,3323
2023-10-04 00:13:00,1656
2023-10-04 00:14:00,2465
2023-10-04 00:15:00,4096
2023-10-04 00:16:00,4474
2023-10-04 00:17:00,4124
2023-10-04 00:18:00,3514
2023-10-04 00:19:00,3005
2023-10-04 00:20:00,2054
2023-10-04 00:21:00,2847
2023-10-04 00:22:00,4501
2023-10-04 00:23:00,4603
2023-10-04 00:24:00,4187
2023-10-04 00:25:00,4343
2023-10-04 00:26:00,3565
2023-10-04 00:27:00,2080
2023-10-04 00:28:00,3031
2023-10-04 00:29:00,4814
2023-10-04 00:30:00,5040
2023-10-04 00:31:00,5028
2023-10-04 00:32:00,4658
2023-10-04 00:33:00,3624
2023-10-04 00:34:00,2285
2023-10-04 00:35:00,3454
2023-10-04 00:36:00,5307
2023-10-04 00:37:00,5135
2023-10-04 00:38:00,5084
2023-10-04 00:39:00,4650
2023-10-04 00:40:00,3571
2023-10-04 00:41:00,2354
2023-10-04 00:42:00,3497
2023-10-04 00:43:00,5294
2023-10-04 00:44:00,4643
2023-10-04 00:45:00,4596
2023-10-04 00:46:00,4162
2023-10-04 00:47:00,2933
2023-10-04 00:48:00,2202
2023-10-04 00:49:00,3083
2023-10-04 00:50:00,4376
2023-10-04 00:51:00,4704
2023-10-04 00:52:00,4306
2023-10-04 00:53:00,4178
2023-10-04 00:54:00,3236
2023-10-04 00:55:00,2010
2023-10-04 00:56:00,2901
2023-10-04 00:57:00,4754
2023-10-04 00:58:00,4417
2023-10-04 00:59:00,4535
2023-10-04 01:00:00,4274
2023-10-04 01:01:00,3382
2023-10-04 01:02:00,2085
2023-10-04 01:03:00,3083
2023-10-04 01:04:00,4860
2023-10-04 01:05:00,4893
2023-10-04 01:06:00,4866
2023-10-04 01:07:00,4584
2023-10-04 01:08:00,3914
2023-10-04 01:09:00,2431
2023-10-04 01:10:00,3157
2023-10-04 01:11:00,5045
2023-10-04 01:12:00,4746
2023-10-04 01:13:00,4314
2023-10-04 01:14:00,3663
2023-10-04 01:15:00,3270
2023-10-04 01:16:00,2905
2023-10-04 01:17:00,4016
2023-10-04 01:18:00,5266
2023-10-04 01:19:00,5795
2023-10-04 01:20:00,5728
2023-10-04 01:21:00,5293
2023-10-04 01:22:00,3934
2023-10-04 01:23:00,3071
2023-10-04 01:24:00,3876
2023-10-04 01:25:00,5878
2023-10-04 01:26:00,5712
2023-10-04 01:27:00,5491
2023-10-04 01:28:00,5144
2023-10-04 01:29:00,3880
2023-10-04 01:30:00,2605
2023-10-04 01:31:00,3625
2023-10-04 01:32:00,4685
2023-10-04 01:33:00,4891
2023-10-04 01:34:00,4222
2023-10-04 01:35:00,3691
2023-10-04 01:36:00,2748
2023-10-04 01:37:00,1380
2023-10-04 01:38:00,1474
2023-10-04 01:39:00,2452
2023-10-04 01:40:00,2298
2023-10-04 01:41:00,1430
2023-10-04 01:42:00,1002
2023-10-04 01:43:00,1486
2023-10-04 01:44:00,1345
2023-10-04 01:45:00,1453
2023-10-04 01:46:00,2173
2023-10-04 01:47:00,2208
2023-10-04 01:48:00,1381
2023-10-04 01:49:00,1265
2023-10-04 01:50:00,1948
2023-10-04 01:51:00,1742
2023-10-04 01:52:00,1896
2023-10-04 01:53:00,3033
2023-10-04 01:54:00,3445
2023-10-04 01:55:00,3423
2023-10-04 01:56:00,3319
2023-10-04 01:57:00,2783
2023-10-04 01:58:00,1952
2023-10-04 01:59:00,2245
2023-10-04 02:00:00,3928
2023-10-04 02:01:00,3810
2023-10-04 02:02:00,3931
2023-10-04 02:03:00,3523
2023-10-04 02:04:00,2943
2023-10-04 02:05:00,1751
2023-10-04 02:06:00,2491
2023-10-04 02:07:00,3766
2023-10-04 02:08:00,4194
2023-10-04 02:09:00,4038
2023-10-04 02:10:00,3891
2023-10-04 02:11:00,3111
2023-10-04 02:12:00,1946
2023-10-04 02:13:00,2802
2023-10-04 02:14:00,3892
2023-10-04 02:15:00,4172
2023-10-04 02:16:00,4464
2023-10-04 02:17:00,4377
2023-10-04 02:18:00,3734
2023-10-04 02:19:00,2262
2023-10-04 02:20:00,3050
2023-10-04 02:21:00,4794
2023-10-04 02:22:00,4936
2023-10-04 02:23:00,5016
2023-10-04 02:24:00,4489
2023-10-04 02:25:00,3505
2023-10-04 02:26:00,2264
2023-10-04 02:27:00,3314
2023-10-04 02:28:00,5095
2023-10-04 02:29:00,5525
2023-10-04 02:30:00,5074
2023-10-04 02:31:00,4571
2023-10-04 02:32:00,3570
2023-10-04 02:33:00,2182
2023-10-04 02:34:00,3265
2023-10-04 02:35:00,4670
2023-10-04 02:36:00,4764
2023-10-04 02:37:00,4943
2023-10-04 02:38:00,4790
2023-10-04 02:39:00,3604
2023-10-04 02:40:00,2455
2023-10-04 02:41:00,3650
2023-10-04 02:42:00,5463
2023-10-04 02:43:00,5884
2023-10-04 02:44:00,5615
2023-10-04 02:45:00,5289
2023-10-04 02:46:00,4434
2023-10-04 02:47:00,2665
2023-10-04 02:48:00,3907
2023-10-04 02:49:00,5308
2023-10-04 02:50:00,5773
2023-10-04 02:51:00,5585
2023-10-04 02:52:00,4783
2023-10-04 02:53:00,3893
2023-10-04 02:54:00,2917
2023-10-04 02:55:00,3353
2023-10-04 02:56:00,5400
2023-10-04 02:57:00,5395
2023-10-04 02:58:00,5229
2023-10-04 02:59:00,5371
2023-10-04 03:00:00,4185
2023-10-04 03:01:00,2724
2023-10-04 03:02:00,3590
2023-10-04 03:03:00,5367
2023-10-04 03:04:00,5440
2023-10-04 03:05:00,5465
2023-10-04 03:06:00,5318
2023-10-04 03:07:00,4225
2023-10-04 03:08:00,2687
2023-10-04 03:09:00,3791
2023-10-04 03:10:00,5661
2023-10-04 03:11:00,5759
2023-10-04 03:12:00,5599
2023-10-04 03:13:00,5103
2023-10-04 03:14:00,4313
2023-10-04 03:15:00,2971
2023-10-04 03:16:00,3662
2023-10-04 03:17:00,5635
2023-10-04 03:18:00,5581
2023-10-04 03:19:00,5329
2023-10-04 03:20:00,4553
2023-10-04 03:21:00,3423
2023-10-04 03:22:00,2708
2023-10-04 03:23:00,3306
2023-10-04 03:24:00,5203
2023-10-04 03:25:00,5712
2023-10-04 03:26:00,5601
2023-10-04 03:27:00,5486
2023-10-04 03:28:00,4178
2023-10-04 03:29:00,2878
2023-10-04 03:30:00,4169
2023-10-04 03:31:00,6372
2023-10-04 03:32:00,6240
2023-10-04 03:33:00,6170
2023-10-04 03:34:00,6071
2023-10-04 03:35:00,4682
2023-10-04 03:36:00,3208
2023-10-04 03:37:00,4310
2023-10-04 03:38:00,6435
2023-10-04 03:39:00,6299
2023-10-04 03:40:00,6360
2023-10-04 03:41:00,6349
2023-10-04 03:42:00,4660
2023-10-04 03:43:00,3354
2023-10-04 03:44:00,4371
2023-10-04 03:45:00,6534
2023-10-04 03:46:00,6832
2023-10-04 03:47:00,6689
2023-10-04 03:48:00,5849
2023-10-04 03:49:00,4247
2023-10-04 03:50:00,3219
2023-10-04 03:51:00,4211
2023-10-04 03:52:00,6424
2023-10-04 03:53:00,6223
2023-10-04 03:54:00,6551
2023-10-04 03:55:00,6343
2023-10-04 03:56:00,4696
2023-10-04 03:57:00,3134
2023-10-04 03:58:00,3868
2023-10-04 03:59:00,6020
2023-10-04 04:00:00,5705
2023-10-04 04:01:00,5752
2023-10-04 04:02:00,5181
2023-10-04 04:03:00,4269
2023-10-04 04:04:00,2633
2023-10-04 04:05:00,3336
2023-10-04 04:06:00,5127
2023-10-04 04:07:00,5449
2023-10-04 04:08:00,5746
2023-10-04 04:09:00,5115
2023-10-04 04:10:00,3995
2023-10-04 04:11:00,2618
2023-10-04 04:12:00,2961
2023-10-04 04:13:00,4090
2023-10-04 04:14:00,5201
2023-10-04 04:15:00,5321
2023-10-04 04:16:00,5219
2023-10-04 04:17:00,4017
2023-10-04 04:18:00,2297
2023-10-04 04:19:00,3145
2023-10-04 04:20:00,4905
2023-10-04 04:21:00,4747
2023-10-04 04:22:00,4591
2023-10-04 04:23:00,4431
2023-10-04 04:24:00,3608
2023-10-04 04:25:00,2422
2023-10-04 04:26:00,3132
2023-10-04 04:27:00,4962
2023-10-04 04:28:00,4881
2023-10-04 04:29:00,5001
2023-10-04 04:30:00,4635
2023-10-04 04:31:00,3545
2023-10-04 04:32:00,2262
2023-10-04 04:33:00,2866
2023-10-04 04:34:00,4692
2023-10-04 04:35:00,4602
2023-10-04 04:36:00,4620
2023-10-04 04:37:00,4475
2023-10-04 04:38:00,3564
2023-10-04 04:39:00,2071
2023-10-04 04:40:00,2659
2023-10-04 04:41:00,4338
2023-10-04 04:42:00,4531
2023-10-04 04:43:00,4498
2023-10-04 04:44:00,4128
2023-10-04 04:45:00,3132
2023-10-04 04:46:00,1829
2023-10-04 04:47:00,2149
2023-10-04 04:48:00,3975
2023-10-04 04:49:00,4046
2023-10-04 04:50:00,3897
2023-10-04 04:51:00,3871
2023-10-04 04:52:00,2630
2023-10-04 04:53:00,1602
2023-10-04 04:54:00,1960
2023-10-04 04:55:00,4143
2023-10-04 04:56:00,4205
2023-10-04 04:57:00,4193
2023-10-04 04:58:00,3710
2023-10-04 04:59:00,3137
2023-10-04 05:00:00,1834
2023-10-04 05:01:00,2070
2023-10-04 05:02:00,4180
2023-10-04 05:03:00,4038
2023-10-04 05:04:00,3906
2023-10-04 05:05:00,3580
2023-10-04 05:06:00,2948
2023-10-04 05:07:00,1622
2023-10-04 05:08:00,2179
2023-10-04 05:09:00,3906
2023-10-04 05:10:00,3745
2023-10-04 05:11:00,4212
2023-10-04 05:12:00,3901
2023-10-04 05:13:00,3292
2023-10-04 05:14:00,1819
2023-10-04 05:15:00,2068
2023-10-04 05:16:00,3991
2023-10-04 05:17:00,4073
2023-10-04 05:18:00,4069
2023-10-04 05:19:00,3716
2023-10-04 05:20:00,3380
2023-10-04 05:21:00,1737
2023-10-04 05:22:00,2181
2023-10-04 05:23:00,3973
2023-10-04 05:24:00,3997
2023-10-04 05:25:00,4132
2023-10-04 05:26:00,3791
2023-10-04 05:27:00,2968
2023-10-04 05:28:00,1752
2023-10-04 05:29:00,2070
2023-10-04 05:30:00,3920
2023-10-04 05:31:00,4106
2023-10-04 05:32:00,4006
2023-10-04 05:33:00,3827
2023-10-04 05:34:00,2944
2023-10-04 05:35:00,1827
2023-10-04 05:36:00,2373
2023-10-04 05:37:00,4031
2023-10-04 05:38:00,4027
2023-10-04 05:39:00,3912
2023-10-04 05:40:00,3867
2023-10-04 05:41:00,3304
2023-10-04 05:42:00,1685
2023-10-04 05:43:00,2130
2023-10-04 05:44:00,3936
2023-10-04 05:45:00,4029
2023-10-04 05:46:00,4010
2023-10-04 05:47:00,4027
2023-10-04 05:48:00,2829
2023-10-04 05:49:00,1736
2023-10-04 05:50:00,2517
2023-10-04 05:51:00,4029
2023-10-04 05:52:00,4261
2023-10-04 05:53:00,4058
2023-10-04 05:54:00,4392
2023-10-04 05:55:00,3072
2023-10-04 05:56:00,1799
2023-10-04 05:57:00,2341
2023-10-04 05:58:00,3330
2023-10-04 05:59:00,4734
2023-10-04 06:00:00,4801
2023-10-04 06:01:00,4399
2023-10-04 06:02:00,3275
2023-10-04 06:03:00,2042
2023-10-04 06:04:00,2827
2023-10-04 06:05:00,4836
2023-10-04 06:06:00,4840
2023-10-04 06:07:00,4504
2023-10-04 06:08:00,4379
2023-10-04 06:09:00,3391
2023-10-04 06:10:00,2045
2023-10-04 06:11:00,2721
2023-10-04 06:12:00,4630
2023-10-04 06:13:00,4748
2023-10-04 06:14:00,4702
2023-10-04 06:15:00,4440
2023-10-04 06:16:00,3513
2023-10-04 06:17:00,2253
2023-10-04 06:18:00,3141
2023-10-04 06:19:00,5122
2023-10-04 06:20:00,5151
2023-10-04 06:21:00,4969
2023-10-04 06:22:00,4619
2023-10-04 06:23:00,3443
2023-10-04 06:24:00,2302
2023-10-04 06:25:00,3291
2023-10-04 06:26:00,5206
2023-10-04 06:27:00,5474
2023-10-04 06:28:00,5400
2023-10-04 06:29:00,5334
2023-10-04 06:30:00,4174
2023-10-04 06:31:00,2571
2023-10-04 06:32:00,3572
2023-10-04 06:33:00,5018
2023-10-04 06:34:00,5565
2023-10-04 06:35:00,5420
2023-10-04 06:36:00,5366
2023-10-04 06:37:00,4091
2023-10-04 06:38:00,2824
2023-10-04 06:39:00,3843
2023-10-04 06:40:00,5516
2023-10-04 06:41:00,5572
2023-10-04 06:42:00,5243
2023-10-04 06:43:00,5133
2023-10-04 06:44:00,4084
2023-10-04 06:45:00,2739
2023-10-04 06:46:00,3781
2023-10-04 06:47:00,5684
2023-10-04 06:48:00,5687
2023-10-04 06:49:00,5906
2023-10-04 06:50:00,5541
2023-10-04 06:51:00,4171
2023-10-04 06:52:00,2586
2023-10-04 06:53:00,3838
2023-10-04 06:54:00,5675
2023-10-04 06:55:00,5624
2023-10-04 06:56:00,5794
2023-10-04 06:57:00,5389
2023-10-04 06:58:00,4305
2023-10-04 06:59:00,3281
2023-10-04 07:00:00,3790
2023-10-04 07:01:00,5894
2023-10-04 07:02:00,5461
2023-10-04 07:03:00,5206
2023-10-04 07:04:00,5228
2023-10-04 07:05:00,4097
2023-10-04 07:06:00,2694
2023-10-04 07:07:00,3893
2023-10-04 07:08:00,6185
2023-10-04 07:09:00,6178
2023-10-04 07:10:00,6067
2023-10-04 07:11:00,5656
2023-10-04 07:12:00,4398
2023-10-04 07:13:00,2836
2023-10-04 07:14:00,3896
2023-10-04 07:15:00,5814
2023-10-04 07:16:00,5879
2023-10-04 07:17:00,4800
2023-10-04 07:18:00,3838
2023-10-04 07:19:00,3576
2023-10-04 07:20:00,2799
2023-10-04 07:21:00,4228
2023-10-04 07:22:00,6331
2023-10-04 07:23:00,6380
2023-10-04 07:24:00,6314
2023-10-04 07:25:00,6160
2023-10-04 07:26:00,4859
2023-10-04 07:27:00,3317
2023-10-04 07:28:00,4715
2023-10-04 07:29:00,6940
2023-10-04 07:30:00,6551
2023-10-04 07:31:00,6327
2023-10-04 07:32:00,6212
2023-10-04 07:33:00,4687
2023-10-04 07:34:00,3014
2023-10-04 07:35:00,4132
2023-10-04 07:36:00,5989
2023-10-04 07:37:00,5331
2023-10-04 07:38:00,5183
2023-10-04 07:39:00,4769
2023-10-04 07:40:00,3627
2023-10-04 07:41:00,1857
2023-10-04 07:42:00,2221
2023-10-04 07:43:00,3335
2023-10-04 07:44:00,2883
2023-10-04 07:45:00,2353
2023-10-04 07:46:00,1578
2023-10-04 07:47:00,1017
2023-10-04 07:48:00,1334
2023-10-04 07:49:00,1690
2023-10-04 07:50:00,2838
2023-10-04 07:51:00,2815
2023-10-04 07:52:00,2382
2023-10-04 07:53:00,1587
2023-10-04 07:54:00,1411
2023-10-04 07:55:00,1838
2023-10-04 07:56:00,2180
2023-10-04 07:57:00,3587
2023-10-04 07:58:00,3855
2023-10-04 07:59:00,3840
2023-10-04 08:00:00,3735
2023-10-04 08:01:00,3223
2023-10-04 08:02:00,2207
2023-10-04 08:03:00,2814
2023-10-04 08:04:00,4007
2023-10-04 08:05:00,4119
2023-10-04 08:06:00,4338
2023-10-04 08:07:00,4432
2023-10-04 08:08:00,3306
2023-10-04 08:09:00,2223
2023-10-04 08:10:00,2757
2023-10-04 08:11:00,4047
2023-10-04 08:12:00,4489
2023-10-04 08:13:00,4588
2023-10-04 08:14:00,4398
2023-10-04 08:15:00,3340
2023-10-04 08:16:00,2344
2023-10-04 08:17:00,2973
2023-10-04 08:18:00,4638
2023-10-04 08:19:00,4791
2023-10-04 08:20:00,5104
2023-10-04 08:21:00,4621
2023-10-04 08:22:00,3831
2023-10-04 08:23:00,2295
2023-10-04 08:24:00,3235
2023-10-04 08:25:00,4918
2023-10-04 08:26:00,5127
2023-10-04 08:27:00,4794
2023-10-04 08:28:00,4788
2023-10-04 08:29:00,3948
2023-10-04 08:30:00,2383
2023-10-04 08:31:00,2950
2023-10-04 08:32:00,4905
2023-10-04 08:33:00,5353
2023-10-04 08:34:00,5492
2023-10-04 08:35:00,5052
2023-10-04 08:36:00,3764
2023-10-04 08:37:00,2458
2023-10-04 08:38:00,3098
2023-10-04 08:39:00,4951
2023-10-04 08:40:00,5495
2023-10-04 08:41:00,5505
2023-10-04 08:42:00,5188
2023-10-04 08:43:00,4002
2023-10-04 08:44:00,2607
2023-10-04 08:45:00,3906
2023-10-04 08:46:00,6360
2023-10-04 08:47:00,6046
2023-10-04 08:48:00,5938
2023-10-04 08:49:00,5325
2023-10-04 08:50:00,4165
2023-10-04 08:51:00,2829
2023-10-04 08:52:00,4090
2023-10-04 08:53:00,5734
2023-10-04 08:54:00,6214
2023-10-04 08:55:00,5906
2023-10-04 08:56:00,5814
2023-10-04 08:57:00,4507
2023-10-04 08:58:00,2859
2023-10-04 08:59:00,3897
2023-10-04 09:00:00,5849
2023-10-04 09:01:00,6264
2023-10-04 09:02:00,6062
2023-10-04 09:03:00,5685
2023-10-04 09:04:00,4391
2023-10-04 09:05:00,2880
2023-10-04 09:06:00,3740
2023-10-04 09:07:00,5710
2023-10-04 09:08:00,5168
2023-10-04 09:09:00,5577
2023-10-04 09:10:00,5238
2023-10-04 09:11:00,3931
2023-10-04 09:12:00,2606
2023-10-04 09:13:00,3149
2023-10-04 09:14:00,5565
2023-10-04 09:15:00,5281
2023-10-04 09:16:00,5202
2023-10-04 09:17:00,4581
2023-10-04 09:18:00,3264
2023-10-04 09:19:00,2344
2023-10-04 09:20:00,3112
2023-10-04 09:21:00,5051
2023-10-04 09:22:00,5333
2023-10-04 09:23:00,5671
2023-10-04 09:24:00,5097
2023-10-04 09:25:00,4555
2023-10-04 09:26:00,2987
2023-10-04 09:27:00,4257
2023-10-04 09:28:00,5804
2023-10-04 09:29:00,5885
2023-10-04 09:30:00,6054
2023-10-04 09:31:00,5791
2023-10-04 09:32:00,4741
2023-10-04 09:33:00,2946
2023-10-04 09:34:00,4071
2023-10-04 09:35:00,6265
2023-10-04 09:36:00,6298
2023-10-04 09:37:00,6495
2023-10-04 09:38:00,5536
2023-10-04 09:39:00,4737
2023-10-04 09:40:00,3232
2023-10-04 09:41:00,4201
2023-10-04 09:42:00,6806
2023-10-04 09:43:00,6769
2023-10-04 09:44:00,6581
2023-10-04 09:45:00,6254
2023-10-04 09:46:00,5163
2023-10-04 09:47:00,3851
2023-10-04 09:48:00,4695
2023-10-04 09:49:00,7098
2023-10-04 09:50:00,7156
2023-10-04 09:51:00,6836
2023-10-04 09:52:00,6329
2023-10-04 09:53:00,4990
2023-10-04 09:54:00,3536
2023-10-04 09:55:00,4366
2023-10-04 09:56:00,6510
2023-10-04 09:57:00,6855
2023-10-04 09:58:00,6599
2023-10-04 09:59:00,5510
2023-10-04 10:00:00,4549
2023-10-04 10:01:00,3064
2023-10-04 10:02:00,3633
2023-10-04 10:03:00,5838
2023-10-04 10:04:00,6026
2023-10-04 10:05:00,5780
2023-10-04 10:06:00,5131
2023-10-04 10:07:00,3928
2023-10-04 10:08:00,2636
2023-10-04 10:09:00,3278
2023-10-04 10:10:00,4785
2023-10-04 10:11:00,4886
2023-10-04 10:12:00,5145
2023-10-04 10:13:00,5849
2023-10-04 10:14:00,4456
2023-10-04 10:15:00,2960
2023-10-04 10:16:00,3885
2023-10-04 10:17:00,5857
2023-10-04 10:18:00,6162
2023-10-04 10:19:00,6014
2023-10-04 10:20:00,5652
2023-10-04 10:21:00,4793
2023-10-04 10:22:00,2819
2023-10-04 10:23:00,3687
2023-10-04 10:24:00,4851
2023-10-04 10:25:00,5775
2023-10-04 10:26:00,5443
2023-10-04 10:27:00,5590
2023-10-04 10:28:00,4482
2023-10-04 10:29:00,2792
2023-10-04 10:30:00,3371
2023-10-04 10:31:00,5547
2023-10-04 10:32:00,5468
2023-10-04 10:33:00,5104
2023-10-04 10:34:00,4728
2023-10-04 10:35:00,4024
2023-10-04 10:36:00,2350
2023-10-04 10:37:00,3234
2023-10-04 10:38:00,4948
2023-10-04 10:39:00,5247
2023-10-04 10:40:00,5003
2023-10-04 10:41:00,4816
2023-10-04 10:42:00,4208
2023-10-04 10:43:00,2454
2023-10-04 10:44:00,2763
2023-10-04 10:45:00,4954
2023-10-04 10:46:00,4903
2023-10-04 10:47:00,4907
2023-10-04 10:48:00,4625
2023-10-04 10:49:00,3497
2023-10-04 10:50:00,1826
2023-10-04 10:51:00,2307
2023-10-04 10:52:00,4368
2023-10-04 10:53:00,4233
2023-10-04 10:54:00,4187
2023-10-04 10:55:00,3811
2023-10-04 10:56:00,3179
2023-10-04 10:57:00,1615
2023-10-04 10:58:00,1788
2023-10-04 10:59:00,2959
2023-10-04 11:00:00,3947
2023-10-04 11:01:00,3841
2023-10-04 11:02:00,3729
2023-10-04 11:03:00,3324
2023-10-04 11:04:00,1795
2023-10-04 11:05:00,2373
2023-10-04 11:06:00,4101
2023-10-04 11:07:00,4241
2023-10-04 11:08:00,4478
2023-10-04 11:09:00,3961
2023-10-04 11:10:00,3367
2023-10-04 11:11:00,1828
2023-10-04 11:12:00,2344
2023-10-04 11:13:00,4415
2023-10-04 11:14:00,4403
2023-10-04 11:15:00,4244
2023-10-04 11:16:00,4322
2023-10-04 11:17:00,3456
2023-10-04 11:18:00,2068
2023-10-04 11:19:00,2568
2023-10-04 11:20:00,4770
2023-10-04 11:21:00,4621
2023-10-04 11:22:00,4470
2023-10-04 11:23:00,4307
2023-10-04 11:24:00,3370
2023-10-04 11:25:00,1960
2023-10-04 11:26:00,2412
2023-10-04 11:27:00,4504
2023-10-04 11:28:00,4382
2023-10-04 11:29:00,4710
2023-10-04 11:30:00,4324
2023-10-04 11:31:00,3472
2023-10-04 11:32:00,1909
2023-10-04 11:33:00,2365
2023-10-04 11:34:00,4460
2023-10-04 11:35:00,4479
2023-10-04 11:36:00,4510
2023-10-04 11:37:00,4340
2023-10-04 11:38:00,3508
2023-10-04 11:39:00,2030
2023-10-04 11:40:00,2586
2023-10-04 11:41:00,4476
2023-10-04 11:42:00,3232
2023-10-04 11:43:00,4291
2023-10-04 11:44:00,4247
2023-10-04 11:45:00,3477
2023-10-04 11:46:00,2169
2023-10-04 11:47:00,2430
2023-10-04 11:48:00,4358
2023-10-04 11:49:00,4465
2023-10-04 11:50:00,4550
2023-10-04 11:51:00,4147
2023-10-04 11:52:00,3634
2023-10-04 11:53:00,2014
2023-10-04 11:54:00,2687
2023-10-04 11:55:00,4376
2023-10-04 11:56:00,4318
2023-10-04 11:57:00,4441
2023-10-04 11:58:00,4234
2023-10-04 11:59:00,3027
2023-10-04 12:00:00,1966
2023-10-04 12:01:00,2446
2023-10-04 12:02:00,3779
2023-10-04 12:03:00,4619
2023-10-04 12:04:00,4983
2023-10-04 12:05:00,4645
2023-10-04 12:06:00,3612
2023-10-04 12:07:00,2153
2023-10-04 12:08:00,3089
2023-10-04 12:09:00,4580
2023-10-04 12:10:00,4788
2023-10-04 12:11:00,5095
2023-10-04 12:12:00,4668
2023-10-04 12:13:00,3711
2023-10-04 12:14:00,2523
2023-10-04 12:15:00,3364
2023-10-04 12:16:00,5513
2023-10-04 12:17:00,5362
2023-10-04 12:18:00,5402
2023-10-04 12:19:00,5398
2023-10-04 12:20:00,3783
2023-10-04 12:21:00,2395
2023-10-04 12:22:00,3679
2023-10-04 12:23:00,5688
2023-10-04 12:24:00,5842
2023-10-04 12:25:00,5923
2023-10-04 12:26:00,5717
2023-10-04 12:27:00,4250
2023-10-04 12:28:00,2525
2023-10-04 12:29:00,3923
2023-10-04 12:30:00,5785
2023-10-04 12:31:00,6052
2023-10-04 12:32:00,6150
2023-10-04 12:33:00,5591
2023-10-04 12:34:00,4279
2023-10-04 12:35:00,2897
2023-10-04 12:36:00,3904
2023-10-04 12:37:00,5458
2023-10-04 12:38:00,5909
2023-10-04 12:39:00,6175
2023-10-04 12:40:00,5856
2023-10-04 12:41:00,4610
2023-10-04 12:42:00,3081
2023-10-04 12:43:00,4390
2023-10-04 12:44:00,6507
2023-10-04 12:45:00,6941
2023-10-04 12:46:00,6576
2023-10-04 12:47:00,5985
2023-10-04 12:48:00,4789
2023-10-04 12:49:00,3263
2023-10-04 12:50:00,4180
2023-10-04 12:51:00,6371
2023-10-04 12:52:00,6648
2023-10-04 12:53:00,6501
2023-10-04 12:54:00,6088
2023-10-04 12:55:00,4376
2023-10-04 12:56:00,2733
2023-10-04 12:57:00,3953
2023-10-04 12:58:00,6108
2023-10-04 12:59:00,5668
2023-10-04 13:00:00,6159
2023-10-04 13:01:00,5810
2023-10-04 13:02:00,4491
2023-10-04 13:03:00,3110
2023-10-04 13:04:00,4418
2023-10-04 13:05:00,6529
2023-10-04 13:06:00,5756
2023-10-04 13:07:00,5716
2023-10-04 13:08:00,5323
2023-10-04 13:09:00,4280
2023-10-04 13:10:00,2982
2023-10-04 13:11:00,4365
2023-10-04 13:12:00,6627
2023-10-04 13:13:00,6467
2023-10-04 13:14:00,6631
2023-10-04 13:15:00,6378
2023-10-04 13:16:00,4767
2023-10-04 13:17:00,3501
2023-10-04 13:18:00,4647
2023-10-04 13:19:00,6336
2023-10-04 13:20:00,6222
2023-10-04 13:21:00,5527
2023-10-04 13:22:00,4267
2023-10-04 13:23:00,3733
2023-10-04 13:24:00,3299
2023-10-04 13:25:00,4530
2023-10-04 13:26:00,6908
2023-10-04 13:27:00,7714
2023-10-04 13:28:00,7490
2023-10-04 13:29:00,7190
2023-10-04 13:30:00,5391
2023-10-04 13:31:00,3575
2023-10-04 13:32:00,5285
2023-10-04 13:33:00,7330
2023-10-04 13:34:00,7489
2023-10-04 13:35:00,7345
2023-10-04 13:36:00,6679
2023-10-04 13:37:00,5403
2023-10-04 13:38:00,3573
2023-10-04 13:39:00,4834
2023-10-04 13:40:00,6905
2023-10-04 13:41:00,6743
2023-10-04 13:42:00,6201
2023-10-04 13:43:00,5571
2023-10-04 13:44:00,3872
2023-10-04 13:45:00,2613
2023-10-04 13:46:00,3109
2023-10-04 13:47:00,4324
2023-10-04 13:48:00,4226
2023-10-04 13:49:00,3991
2023-10-04 13:50:00,3160
2023-10-04 13:51:00,2386
2023-10-04 13:52:00,1115
2023-10-04 13:53:00,1387
2023-10-04 13:54:00,2147
2023-10-04 13:55:00,2686
2023-10-04 13:56:00,2885
2023-10-04 13:57:00,2694
2023-10-04 13:58:00,2273
2023-10-04 13:59:00,1188
2023-10-04 14:00:00,1447
2023-10-04 14:01:00,2568
2023-10-04 14:02:00,3566
2023-10-04 14:03:00,3941
2023-10-04 14:04:00,3841
2023-10-04 14:05:00,3261
2023-10-04 14:06:00,2241
2023-10-04 14:07:00,2679
2023-10-04 14:08:00,4182
2023-10-04 14:09:00,4236
2023-10-04 14:10:00,4628
2023-10-04 14:11:00,4205
2023-10-04 14:12:00,3459
2023-10-04 14:13:00,2448
2023-10-04 14:14:00,2853
2023-10-04 14:15:00,4638
2023-10-04 14:16:00,5325
2023-10-04 14:17:00,4866
2023-10-04 14:18:00,4715
2023-10-04 14:19:00,3753
2023-10-04 14:20:00,2481
2023-10-04 14:21:00,3233
2023-10-04 14:22:00,5034
2023-10-04 14:23:00,4787
2023-10-04 14:24:00,4901
2023-10-04 14:25:00,4398
2023-10-04 14:26:00,3823
2023-10-04 14:27:00,2619
2023-10-04 14:28:00,3518
2023-10-04 14:29:00,5178
2023-10-04 14:30:00,5290
2023-10-04 14:31:00,5469
2023-10-04 14:32:00,5399
2023-10-04 14:33:00,4232
2023-10-04 14:34:00,2828
2023-10-04 14:35:00,3724
2023-10-04 14:36:00,5733
2023-10-04 14:37:00,5814
2023-10-04 14:38:00,5349
2023-10-04 14:39:00,5025
2023-10-04 14:40:00,4044
2023-10-04 14:41:00,2323
2023-10-04 14:42:00,3147
2023-10-04 14:43:00,4972
2023-10-04 14:44:00,4878
2023-10-04 14:45:00,5288
2023-10-04 14:46:00,4968
2023-10-04 14:47:00,3788
2023-10-04 14:48:00,2514
2023-10-04 14:49:00,3463
2023-10-04 14:50:00,4931
2023-10-04 14:51:00,5101
2023-10-04 14:52:00,5144
2023-10-04 14:53:00,4433
2023-10-04 14:54:00,3597
2023-10-04 14:55:00,2621
2023-10-04 14:56:00,3397
2023-10-04 14:57:00,5062
2023-10-04 14:58:00,4926
2023-10-04 14:59:00,4936
2023-10-04 15:00:00,4688
2023-10-04 15:01:00,3827
2023-10-04 15:02:00,2452
2023-10-04 15:03:00,3283
2023-10-04 15:04:00,4823
2023-10-04 15:05:00,4821
2023-10-04 15:06:00,5059
2023-10-04 15:07:00,4585
2023-10-04 15:08:00,3682
2023-10-04 15:09:00,2350
2023-10-04 15:10:00,3056
2023-10-04 15:11:00,4746
2023-10-04 15:12:00,4613
2023-10-04 15:13:00,4560
2023-10-04 15:14:00,4520
2023-10-04 15:15:00,3346
2023-10-04 15:16:00,2253
2023-10-04 15:17:00,2927
2023-10-04 15:18:00,4878
2023-10-04 15:19:00,4852
2023-10-04 15:20:00,4585
2023-10-04 15:21:00,4477
2023-10-04 15:22:00,3654
2023-10-04 15:23:00,2411
2023-10-04 15:24:00,3054
2023-10-04 15:25:00,4696
2023-10-04 15:26:00,5033
2023-10-04 15:27:00,4948
2023-10-04 15:28:00,4636
2023-10-04 15:29:00,3539
2023-10-04 15:30:00,2371
2023-10-04 15:31:00,2816
2023-10-04 15:32:00,4493
2023-10-04 15:33:00,4678
2023-10-04 15:34:00,4737
2023-10-04 15:35:00,4775
2023-10-04 15:36:00,3658
2023-10-04 15:37:00,2260
2023-10-04 15:38:00,3343
2023-10-04 15:39:00,4640
2023-10-04 15:40:00,4694
2023-10-04 15:41:00,4771
2023-10-04 15:42:00,4173
2023-10-04 15:43:00,3046
2023-10-04 15:44:00,2260
2023-10-04 15:45:00,2876
2023-10-04 15:46:00,4774
2023-10-04 15:47:00,5009
2023-10-04 15:48:00,5369
2023-10-04 15:49:00,5020
2023-10-04 15:50:00,3935
2023-10-04 15:51:00,2795
2023-10-04 15:52:00,3795
2023-10-04 15:53:00,5489
2023-10-04 15:54:00,5680
2023-10-04 15:55:00,5383
2023-10-04 15:56:00,4890
2023-10-04 15:57:00,3872
2023-10-04 15:58:00,2790
2023-10-04 15:59:00,3524
2023-10-04 16:00:00,4903
2023-10-04 16:01:00,5160
2023-10-04 16:02:00,5194
2023-10-04 16:03:00,5142
2023-10-04 16:04:00,3836
2023-10-04 16:05:00,2737
2023-10-04 16:06:00,3386
2023-10-04 16:07:00,4816
2023-10-04 16:08:00,4734
2023-10-04 16:09:00,4761
2023-10-04 16:10:00,4277
2023-10-04 16:11:00,3563
2023-10-04 16:12:00,2401
2023-10-04 16:13:00,2877
2023-10-04 16:14:00,4448
2023-10-04 16:15:00,4525
2023-10-04 16:16:00,4533
2023-10-04 16:17:00,4431
2023-10-04 16:18:00,3456
2023-10-04 16:19:00,2162
2023-10-04 16:20:00,2786
2023-10-04 16:21:00,4172
2023-10-04 16:22:00,4255
2023-10-04 16:23:00,4154
2023-10-04 16:24:00,3803
2023-10-04 16:25:00,2950
2023-10-04 16:26:00,1909
2023-10-04 16:27:00,2506
2023-10-04 16:28:00,3325
2023-10-04 16:29:00,4086
2023-10-04 16:30:00,3716
2023-10-04 16:31:00,3702
2023-10-04 16:32:00,2959
2023-10-04 16:33:00,2006
2023-10-04 16:34:00,2479
2023-10-04 16:35:00,3501
2023-10-04 16:36:00,3985
2023-10-04 16:37:00,3920
2023-10-04 16:38:00,3868
2023-10-04 16:39:00,2921
2023-10-04 16:40:00,1655
2023-10-04 16:41:00,2229
2023-10-04 16:42:00,3660
2023-10-04 16:43:00,3898
2023-10-04 16:44:00,3912
2023-10-04 16:45:00,3604
2023-10-04 16:46:00,2970
2023-10-04 16:47:00,1546
2023-10-04 16:48:00,1944
2023-10-04 16:49:00,3608
2023-10-04 16:50:00,3514
2023-10-04 16:51:00,3344
2023-10-04 16:52:00,3292
2023-10-04 16:53:00,2469
2023-10-04 16:54:00,1296
2023-10-04 16:55:00,1546
2023-10-04 16:56:00,2948
2023-10-04 16:57:00,3077
2023-10-04 16:58:00,3028
2023-10-04 16:59:00,2738
2023-10-04 17:00:00,2147
2023-10-04 17:01:00,1277
2023-10-04 17:02:00,1606
2023-10-04 17:03:00,2504
2023-10-04 17:04:00,2218
2023-10-04 17:05:00,3024
2023-10-04 17:06:00,2951
2023-10-04 17:07:00,2401
2023-10-04 17:08:00,1242
2023-10-04 17:09:00,1511
2023-10-04 17:10:00,2934
2023-10-04 17:11:00,3003
2023-10-04 17:12:00,3073
2023-10-04 17:13:00,2933
2023-10-04 17:14:00,2468
2023-10-04 17:15:00,1355
2023-10-04 17:16:00,1553
2023-10-04 17:17:00,2902
2023-10-04 17:18:00,2899
2023-10-04 17:19:00,2986
2023-10-04 17:20:00,2964
2023-10-04 17:21:00,2433
2023-10-04 17:22:00,1280
2023-10-04 17:23:00,1603
2023-10-04 17:24:00,3154
2023-10-04 17:25:00,3084
2023-10-04 17:26:00,2983
2023-10-04 17:27:00,2849
2023-10-04 17:28:00,2420
2023-10-04 17:29:00,1300
2023-10-04 17:30:00,1526
2023-10-04 17:31:00,2872
2023-10-04 17:32:00,2914
2023-10-04 17:33:00,2843
2023-10-04 17:34:00,2649
2023-10-04 17:35:00,2042
2023-10-04 17:36:00,1225
2023-10-04 17:37:00,1562
2023-10-04 17:38:00,2751
2023-10-04 17:39:00,2634
2023-10-04 17:40:00,2704
2023-10-04 17:41:00,2670
2023-10-04 17:42:00,2073
2023-10-04 17:43:00,1240
2023-10-04 17:44:00,1530
2023-10-04 17:45:00,2392
2023-10-04 17:46:00,2675
2023-10-04 17:47:00,2755
2023-10-04 17:48:00,2608
2023-10-04 17:49:00,2163
2023-10-04 17:50:00,1304
2023-10-04 17:51:00,1969
2023-10-04 17:52:00,2985
2023-10-04 17:53:00,3087
2023-10-04 17:54:00,3047
2023-10-04 17:55:00,2961
2023-10-04 17:56:00,2293
2023-10-04 17:57:00,1261
2023-10-04 17:58:00,1676
2023-10-04 17:59:00,1786
2023-10-04 18:00:00,3252
2023-10-04 18:01:00,3082
2023-10-04 18:02:00,2721
2023-10-04 18:03:00,2217
2023-10-04 18:04:00,1271
2023-10-04 18:05:00,1742
2023-10-04 18:06:00,2293
2023-10-04 18:07:00,3155
2023-10-04 18:08:00,3159
2023-10-04 18:09:00,3054
2023-10-04 18:10:00,2440
2023-10-04 18:11:00,1532
2023-10-04 18:12:00,2247
2023-10-04 18:13:00,3570
2023-10-04 18:14:00,3524
2023-10-04 18:15:00,3471
2023-10-04 18:16:00,3303
2023-10-04 18:17:00,2560
2023-10-04 18:18:00,1470
2023-10-04 18:19:00,2234
2023-10-04 18:20:00,3504
2023-10-04 18:21:00,3984
2023-10-04 18:22:00,3746
2023-10-04 18:23:00,3524
2023-10-04 18:24:00,2639
2023-10-04 18:25:00,1523
2023-10-04 18:26:00,2425
2023-10-04 18:27:00,3671
2023-10-04 18:28:00,3669
2023-10-04 18:29:00,3537
2023-10-04 18:30:00,3413
2023-10-04 18:31:00,2699
2023-10-04 18:32:00,1829
2023-10-04 18:33:00,2379
2023-10-04 18:34:00,3637
2023-10-04 18:35:00,3775
2023-10-04 18:36:00,3572
2023-10-04 18:37:00,3605
2023-10-04 18:38:00,2774
2023-10-04 18:39:00,1780
2023-10-04 18:40:00,2469
2023-10-04 18:41:00,3881
2023-10-04 18:42:00,3767
2023-10-04 18:43:00,4082
2023-10-04 18:44:00,4047
2023-10-04 18:45:00,2877
2023-10-04 18:46:00,2073
2023-10-04 18:47:00,2759
2023-10-04 18:48:00,3817
2023-10-04 18:49:00,3949
2023-10-04 18:50:00,3867
2023-10-04 18:51:00,3621
2023-10-04 18:52:00,2978
2023-10-04 18:53:00,1992
2023-10-04 18:54:00,2851
2023-10-04 18:55:00,4390
2023-10-04 18:56:00,3886
2023-10-04 18:57:00,3424
2023-10-04 18:58:00,4207
2023-10-04 18:59:00,3345
2023-10-04 19:00:00,2128
2023-10-04 19:01:00,2205
2023-10-04 19:02:00,4091
2023-10-04 19:03:00,4223
2023-10-04 19:04:00,4361
2023-10-04 19:05:00,4263
2023-10-04 19:06:00,3341
2023-10-04 19:07:00,2278
2023-10-04 19:08:00,3097
2023-10-04 19:09:00,4185
2023-10-04 19:10:00,4477
2023-10-04 19:11:00,4354
2023-10-04 19:12:00,4194
2023-10-04 19:13:00,3240
2023-10-04 19:14:00,2424
2023-10-04 19:15:00,3168
2023-10-04 19:16:00,4709
2023-10-04 19:17:00,4634
2023-10-04 19:18:00,4545
2023-10-04 19:19:00,4532
2023-10-04 19:20:00,3317
2023-10-04 19:21:00,2449
2023-10-04 19:22:00,2893
2023-10-04 19:23:00,4170
2023-10-04 19:24:00,4277
2023-10-04 19:25:00,3588
2023-10-04 19:26:00,3141
2023-10-04 19:27:00,2658
2023-10-04 19:28:00,2391
2023-10-04 19:29:00,3202
2023-10-04 19:30:00,4349
2023-10-04 19:31:00,4886
2023-10-04 19:32:00,4555
2023-10-04 19:33:00,4477
2023-10-04 19:34:00,3577
2023-10-04 19:35:00,2430
2023-10-04 19:36:00,3449
2023-10-04 19:37:00,4955
2023-10-04 19:38:00,4475
2023-10-04 19:39:00,4595
2023-10-04 19:40:00,4451
2023-10-04 19:41:00,3418
2023-10-04 19:42:00,2605
2023-10-04 19:43:00,3483
2023-10-04 19:44:00,4651
2023-10-04 19:45:00,4029
2023-10-04 19:46:00,4282
2023-10-04 19:47:00,4138
2023-10-04 19:48:00,4130
2023-10-04 19:49:00,2581
2023-10-04 19:50:00,3355
2023-10-04 19:51:00,4482
2023-10-04 19:52:00,4584
2023-10-04 19:53:00,4106
2023-10-04 19:54:00,3378
2023-10-04 19:55:00,2446
2023-10-04 19:56:00,1447
2023-10-04 19:57:00,1326
2023-10-04 19:58:00,1609
2023-10-04 19:59:00,2481
2023-10-04 20:00:00,2798
2023-10-04 20:01:00,2809
2023-10-04 20:02:00,2216
2023-10-04 20:03:00,1546
2023-10-04 20:04:00,1339
2023-10-04 20:05:00,1709
2023-10-04 20:06:00,3389
2023-10-04 20:07:00,3391
2023-10-04 20:08:00,3698
2023-10-04 20:09:00,3511
2023-10-04 20:10:00,2279
2023-10-04 20:11:00,2822
2023-10-04 20:12:00,4240
2023-10-04 20:13:00,4319
2023-10-04 20:14:00,4224
2023-10-04 20:15:00,3797
2023-10-04 20:16:00,3190
2023-10-04 20:17:00,1998
2023-10-04 20:18:00,2515
2023-10-04 20:19:00,3950
2023-10-04 20:20:00,4033
2023-10-04 20:21:00,4269
2023-10-04 20:22:00,4124
2023-10-04 20:23:00,3228
2023-10-04 20:24:00,2287
2023-10-04 20:25:00,2946
2023-10-04 20:26:00,4608
2023-10-04 20:27:00,4786
2023-10-04 20:28:00,4724
2023-10-04 20:29:00,4417
2023-10-04 20:30:00,3580
2023-10-04 20:31:00,2345
2023-10-04 20:32:00,3170
2023-10-04 20:33:00,4862
2023-10-04 20:34:00,4600
2023-10-04 20:35:00,4705
2023-10-04 20:36:00,4723
2023-10-04 20:37:00,3969
2023-10-04 20:38:00,2994
2023-10-04 20:39:00,3162
2023-10-04 20:40:00,4949
2023-10-04 20:41:00,5092
2023-10-04 20:42:00,4767
2023-10-04 20:43:00,4625
2023-10-04 20:44:00,3738
2023-10-04 20:45:00,2739
2023-10-04 20:46:00,3923
2023-10-04 20:47:00,5341
2023-10-04 20:48:00,5114
2023-10-04 20:49:00,4896
2023-10-04 20:50:00,4502
2023-10-04 20:51:00,3729
2023-10-04 20:52:00,2388
2023-10-04 20:53:00,3405
2023-10-04 20:54:00,5176
2023-10-04 20:55:00,5429
2023-10-04 20:56:00,5120
2023-10-04 20:57:00,4993
2023-10-04 20:58:00,4148
2023-10-04 20:59:00,2763
2023-10-04 21:00:00,3599
2023-10-04 21:01:00,5542
2023-10-04 21:02:00,5378
2023-10-04 21:03:00,5536
2023-10-04 21:04:00,4984
2023-10-04 21:05:00,4130
2023-10-04 21:06:00,2818
2023-10-04 21:07:00,3978
2023-10-04 21:08:00,5502
2023-10-04 21:09:00,5740
2023-10-04 21:10:00,5635
2023-10-04 21:11:00,5375
2023-10-04 21:12:00,4273
2023-10-04 21:13:00,3223
2023-10-04 21:14:00,3956
2023-10-04 21:15:00,5895
2023-10-04 21:16:00,6152
2023-10-04 21:17:00,5906
2023-10-04 21:18:00,6300
2023-10-04 21:19:00,4915
2023-10-04 21:20:00,3218
2023-10-04 21:21:00,4429
2023-10-04 21:22:00,5739
2023-10-04 21:23:00,6220
2023-10-04 21:24:00,6238
2023-10-04 21:25:00,6226
2023-10-04 21:26:00,4364
2023-10-04 21:27:00,2882
2023-10-04 21:28:00,4010
2023-10-04 21:29:00,6084
2023-10-04 21:30:00,5874
2023-10-04 21:31:00,5719
2023-10-04 21:32:00,5003
2023-10-04 21:33:00,3605
2023-10-04 21:34:00,2811
2023-10-04 21:35:00,3567
2023-10-04 21:36:00,5237
2023-10-04 21:37:00,6154
2023-10-04 21:38:00,5895
2023-10-04 21:39:00,5858
2023-10-04 21:40:00,5034
2023-10-04 21:41:00,3613
2023-10-04 21:42:00,4389
2023-10-04 21:43:00,6278
2023-10-04 21:44:00,6836
2023-10-04 21:45:00,6731
2023-10-04 21:46:00,6287
2023-10-04 21:47:00,5089
2023-10-04 21:48:00,3812
2023-10-04 21:49:00,5290
2023-10-04 21:50:00,7161
2023-10-04 21:51:00,7352
2023-10-04 21:52:00,7218
2023-10-04 21:53:00,7040
2023-10-04 21:54:00,5367
2023-10-04 21:55:00,4021
2023-10-04 21:56:00,5397
2023-10-04 21:57:00,7605
2023-10-04 21:58:00,7614
2023-10-04 21:59:00,7984
2023-10-04 22:00:00,7040
2023-10-04 22:01:00,5628
2023-10-04 22:02:00,3926
2023-10-04 22:03:00,5479
2023-10-04 22:04:00,6670
2023-10-04 22:05:00,6783
2023-10-04 22:06:00,7105
2023-10-04 22:07:00,6877
2023-10-04 22:08:00,5460
2023-10-04 22:09:00,3648
2023-10-04 22:10:00,4917
2023-10-04 22:11:00,6980
2023-10-04 22:12:00,6702
2023-10-04 22:13:00,6699
2023-10-04 22:14:00,6001
2023-10-04 22:15:00,5094
2023-10-04 22:16:00,3179
2023-10-04 22:17:00,4169
2023-10-04 22:18:00,6392
2023-10-04 22:19:00,5878
2023-10-04 22:20:00,5800
2023-10-04 22:21:00,5690
2023-10-04 22:22:00,4314
2023-10-04 22:23:00,2948
2023-10-04 22:24:00,3864
2023-10-04 22:25:00,5499
2023-10-04 22:26:00,5790
2023-10-04 22:27:00,5720
2023-10-04 22:28:00,5692
2023-10-04 22:29:00,4082
2023-10-04 22:30:00,2716
2023-10-04 22:31:00,3430
2023-10-04 22:32:00,4353
2023-10-04 22:33:00,5525
2023-10-04 22:34:00,5407
2023-10-04 22:35:00,4994
2023-10-04 22:36:00,3835
2023-10-04 22:37:00,2511
2023-10-04 22:38:00,3371
2023-10-04 22:39:00,5226
2023-10-04 22:40:00,5139
2023-10-04 22:41:00,5051
2023-10-04 22:42:00,4787
2023-10-04 22:43:00,3956
2023-10-04 22:44:00,2303
2023-10-04 22:45:00,3011
2023-10-04 22:46:00,4896
2023-10-04 22:47:00,4952
2023-10-04 22:48:00,4570
2023-10-04 22:49:00,4542
2023-10-04 22:50:00,3383
2023-10-04 22:51:00,1922
2023-10-04 22:52:00,2404
2023-10-04 22:53:00,4576
2023-10-04 22:54:00,4727
2023-10-04 22:55:00,4639
2023-10-04 22:56:00,4108
2023-10-04 22:57:00,3372
2023-10-04 22:58:00,1996
2023-10-04 22:59:00,2415
2023-10-04 23:00:00,4457
2023-10-04 23:01:00,4736
2023-10-04 23:02:00,4245
2023-10-04 23:03:00,4081
2023-10-04 23:04:00,3053
2023-10-04 23:05:00,1741
2023-10-04 23:06:00,2186
2023-10-04 23:07:00,4026
2023-10-04 23:08:00,3961
2023-10-04 23:09:00,3019
2023-10-04 23:10:00,3743
2023-10-04 23:11:00,3050
2023-10-04 23:12:00,1688
2023-10-04 23:13:00,2185
2023-10-04 23:14:00,4104
2023-10-04 23:15:00,4097
2023-10-04 23:16:00,3844
2023-10-04 23:17:00,3743
2023-10-04 23:18:00,3073
2023-10-04 23:19:00,1852
2023-10-04 23:20:00,2105
2023-10-04 23:21:00,4078
2023-10-04 23:22:00,4515
2023-10-04 23:23:00,4276
2023-10-04 23:24:00,4043
2023-10-04 23:25:00,3004
2023-10-04 23:26:00,1664
2023-10-04 23:27:00,2248
2023-10-04 23:28:00,4062
2023-10-04 23:29:00,4053
2023-10-04 23:30:00,3628
2023-10-04 23:31:00,3596
2023-10-04 23:32:00,3140
2023-10-04 23:33:00,1938
2023-10-04 23:34:00,2460
2023-10-04 23:35:00,4175
2023-10-04 23:36:00,4113
2023-10-04 23:37:00,4273
2023-10-04 23:38:00,4194
2023-10-04 23:39:00,3405
2023-10-04 23:40:00,1800
2023-10-04 23:41:00,2378
2023-10-04 23:42:00,4319
2023-10-04 23:43:00,4388
2023-10-04 23:44:00,4205
2023-10-04 23:45:00,3973
2023-10-04 23:46:00,3510
2023-10-04 23:47:00,1913
2023-10-04 23:48:00,2397
2023-10-04 23:49:00,4348
2023-10-04 23:50:00,3966
2023-10-04 23:51:00,3805
2023-10-04 23:52:00,3866
2023-10-04 23:53:00,3489
2023-10-04 23:54:00,2074
2023-10-04 23:55:00,2519
2023-10-04 23:56:00,4202
2023-10-04 23:57:00,4023
2023-10-04 23:58:00,4048
2023-10-04 23:59:00,4150
2023-10-05 00:00:00,3154
2023-10-05 00:01:00,2143
2023-10-05 00:02:00,2576
2023-10-05 00:03:00,4317
2023-10-05 00:04:00,4421
2023-10-05 00:05:00,4563
2023-10-05 00:06:00,4055
2023-10-05 00:07:00,3427
2023-10-05 00:08:00,1731
2023-10-05 00:09:00,2258
2023-10-05 00:10:00,3655
2023-10-05 00:11:00,4456
2023-10-05 00:12:00,4566
2023-10-05 00:13:00,4314
2023-10-05 00:14:00,3557
2023-10-05 00:15:00,2281
2023-10-05 00:16:00,3346
2023-10-05 00:17:00,4711
2023-10-05 00:18:00,4709
2023-10-05 00:19:00,4379
2023-10-05 00:20:00,4357
2023-10-05 00:21:00,3560
2023-10-05 00:22:00,2049
2023-10-05 00:23:00,2813
2023-10-05 00:24:00,5064
2023-10-05 00:25:00,5006
2023-10-05 00:26:00,4949
2023-10-05 00:27:00,4695
2023-10-05 00:28:00,3516
2023-10-05 00:29:00,2460
2023-10-05 00:30:00,2994
2023-10-05 00:31:00,4688
2023-10-05 00:32:00,4924
2023-10-05 00:33:00,5209
2023-10-05 00:34:00,5966
2023-10-05 00:35:00,4740
2023-10-05 00:36:00,2715
2023-10-05 00:37:00,3739
2023-10-05 00:38:00,5841
2023-10-05 00:39:00,5881
2023-10-05 00:40:00,5540
2023-10-05 00:41:00,5636
2023-10-05 00:42:00,4479
2023-10-05 00:43:00,3076
2023-10-05 00:44:00,3973
2023-10-05 00:45:00,6045
2023-10-05 00:46:00,6126
2023-10-05 00:47:00,6084
2023-10-05 00:48:00,6154
2023-10-05 00:49:00,4868
2023-10-05 00:50:00,3409
2023-10-05 00:51:00,4722
2023-10-05 00:52:00,6555
2023-10-05 00:53:00,7079
2023-10-05 00:54:00,6691
2023-10-05 00:55:00,6522
2023-10-05 00:56:00,4922
2023-10-05 00:57:00,3409
2023-10-05 00:58:00,4483
2023-10-05 00:59:00,6666
2023-10-05 01:00:00,6991
2023-10-05 01:01:00,6871
2023-10-05 01:02:00,6357
2023-10-05 01:03:00,5114
2023-10-05 01:04:00,3456
2023-10-05 01:05:00,4924
2023-10-05 01:06:00,6837
2023-10-05 01:07:00,6481
2023-10-05 01:08:00,6296
2023-10-05 01:09:00,6044
2023-10-05 01:10:00,4860
2023-10-05 01:11:00,3430
2023-10-05 01:12:00,4638
2023-10-05 01:13:00,6365
2023-10-05 01:14:00,6330
2023-10-05 01:15:00,5865
2023-10-05 01:16:00,5692
2023-10-05 01:17:00,5026
2023-10-05 01:18:00,3506
2023-10-05 01:19:00,4778
2023-10-05 01:20:00,6684
2023-10-05 01:21:00,6766
2023-10-05 01:22:00,6916
2023-10-05 01:23:00,6440
2023-10-05 01:24:00,5066
2023-10-05 01:25:00,3503
2023-10-05 01:26:00,4855
2023-10-05 01:27:00,6818
2023-10-05 01:28:00,6239
2023-10-05 01:29:00,5471
2023-10-05 01:30:00,4453
2023-10-05 01:31:00,4062
2023-10-05 01:32:00,3485
2023-10-05 01:33:00,4906
2023-10-05 01:34:00,7099
2023-10-05 01:35:00,7503
2023-10-05 01:36:00,7554
2023-10-05 01:37:00,7169
2023-10-05 01:38:00,5608
2023-10-05 01:39:00,4055
2023-10-05 01:40:00,5611
2023-10-05 01:41:00,7650
2023-10-05 01:42:00,7372
2023-10-05 01:43:00,7369
2023-10-05 01:44:00,7250
2023-10-05 01:45:00,5735
2023-10-05 01:46:00,4614
2023-10-05 01:47:00,5979
2023-10-05 01:48:00,7840
2023-10-05 01:49:00,7659
2023-10-05 01:50:00,7319
2023-10-05 01:51:00,6373
2023-10-05 01:52:00,4897
2023-10-05 01:53:00,3325
2023-10-05 01:54:00,3874
2023-10-05 01:55:00,5436
2023-10-05 01:56:00,5174
2023-10-05 01:57:00,4873
2023-10-05 01:58:00,3913
2023-10-05 01:59:00,2934
2023-10-05 02:00:00,1523
2023-10-05 02:01:00,1859
2023-10-05 02:02:00,1835
2023-10-05 02:03:00,1852
2023-10-05 02:04:00,2357
2023-10-05 02:05:00,2583
2023-10-05 02:06:00,2477
2023-10-05 02:07:00,1694
2023-10-05 02:08:00,1985
2023-10-05 02:09:00,1723
2023-10-05 02:10:00,1715
2023-10-05 02:11:00,3431
2023-10-05 02:12:00,4118
2023-10-05 02:13:00,3504
2023-10-05 02:14:00,2308
2023-10-05 02:15:00,2925
2023-10-05 02:16:00,4587
2023-10-05 02:17:00,4731
2023-10-05 02:18:00,4831
2023-10-05 02:19:00,4162
2023-10-05 02:20:00,3726
2023-10-05 02:21:00,2458
2023-10-05 02:22:00,3266
2023-10-05 02:23:00,5016
2023-10-05 02:24:00,4732
2023-10-05 02:25:00,4938
2023-10-05 02:26:00,5033
2023-10-05 02:27:00,4114
2023-10-05 02:28:00,2780
2023-10-05 02:29:00,4205
2023-10-05 02:30:00,4983
2023-10-05 02:31:00,5182
2023-10-05 02:32:00,5316
2023-10-05 02:33:00,5021
2023-10-05 02:34:00,4230
2023-10-05 02:35:00,2743
2023-10-05 02:36:00,3890
2023-10-05 02:37:00,5575
2023-10-05 02:38:00,5732
2023-10-05 02:39:00,5402
2023-10-05 02:40:00,5069
2023-10-05 02:41:00,4222
2023-10-05 02:42:00,2864
2023-10-05 02:43:00,3598
2023-10-05 02:44:00,5366
2023-10-05 02:45:00,5427
2023-10-05 02:46:00,5667
2023-10-05 02:47:00,5517
2023-10-05 02:48:00,4420
2023-10-05 02:49:00,3150
2023-10-05 02:50:00,4264
2023-10-05 02:51:00,6569
2023-10-05 02:52:00,6145
2023-10-05 02:53:00,5743
2023-10-05 02:54:00,5512
2023-10-05 02:55:00,4127
2023-10-05 02:56:00,3309
2023-10-05 02:57:00,3761
2023-10-05 02:58:00,5592
2023-10-05 02:59:00,6100
2023-10-05 03:00:00,6208
2023-10-05 03:01:00,5730
2023-10-05 03:02:00,4372
2023-10-05 03:03:00,3378
2023-10-05 03:04:00,4367
2023-10-05 03:05:00,6318
2023-10-05 03:06:00,6431
2023-10-05 03:07:00,5919
2023-10-05 03:08:00,5668
2023-10-05 03:09:00,4581
2023-10-05 03:10:00,3383
2023-10-05 03:11:00,4311
2023-10-05 03:12:00,6357
2023-10-05 03:13:00,6092
2023-10-05 03:14:00,5772
2023-10-05 03:15:00,5861
2023-10-05 03:16:00,4600
2023-10-05 03:17:00,3390
2023-10-05 03:18:00,4099
2023-10-05 03:19:00,6240
2023-10-05 03:20:00,5871
2023-10-05 03:21:00,6381
2023-10-05 03:22:00,5853
2023-10-05 03:23:00,4425
2023-10-05 03:24:00,2961
2023-10-05 03:25:00,4008
2023-10-05 03:26:00,5830
2023-10-05 03:27:00,6089
2023-10-05 03:28:00,5800
2023-10-05 03:29:00,5431
2023-10-05 03:30:00,4560
2023-10-05 03:31:00,3256
2023-10-05 03:32:00,4156
2023-10-05 03:33:00,6060
2023-10-05 03:34:00,6191
2023-10-05 03:35:00,6678
2023-10-05 03:36:00,6167
2023-10-05 03:37:00,4441
2023-10-05 03:38:00,3243
2023-10-05 03:39:00,4260
2023-10-05 03:40:00,6078
2023-10-05 03:41:00,6824
2023-10-05 03:42:00,6621
2023-10-05 03:43:00,6231
2023-10-05 03:44:00,4776
2023-10-05 03:45:00,3148
2023-10-05 03:46:00,4357
2023-10-05 03:47:00,6794
2023-10-05 03:48:00,6688
2023-10-05 03:49:00,6570
2023-10-05 03:50:00,6113
2023-10-05 03:51:00,4856
2023-10-05 03:52:00,3401
2023-10-05 03:53:00,4551
2023-10-05 03:54:00,6614
2023-10-05 03:55:00,7019
2023-10-05 03:56:00,6643
2023-10-05 03:57:00,5398
2023-10-05 03:58:00,4323
2023-10-05 03:59:00,3546
2023-10-05 04:00:00,4312
2023-10-05 04:01:00,6363
2023-10-05 04:02:00,6797
2023-10-05 04:03:00,7144
2023-10-05 04:04:00,6555
2023-10-05 04:05:00,5400
2023-10-05 04:06:00,3710
2023-10-05 04:07:00,4788
2023-10-05 04:08:00,6232
2023-10-05 04:09:00,6093
2023-10-05 04:10:00,6117
2023-10-05 04:11:00,6274
2023-10-05 04:12:00,4774
2023-10-05 04:13:00,3437
2023-10-05 04:14:00,4330
2023-10-05 04:15:00,5902
2023-10-05 04:16:00,6064
2023-10-05 04:17:00,5709
2023-10-05 04:18:00,5596
2023-10-05 04:19:00,4498
2023-10-05 04:20:00,3258
2023-10-05 04:21:00,3571
2023-10-05 04:22:00,5677
2023-10-05 04:23:00,5534
2023-10-05 04:24:00,5391
2023-10-05 04:25:00,5043
2023-10-05 04:26:00,3993
2023-10-05 04:27:00,2565
2023-10-05 04:28:00,3369
2023-10-05 04:29:00,4993
2023-10-05 04:30:00,4728
2023-10-05 04:31:00,4963
2023-10-05 04:32:00,4637
2023-10-05 04:33:00,3694
2023-10-05 04:34:00,2460
2023-10-05 04:35:00,3006
2023-10-05 04:36:00,3992
2023-10-05 04:37:00,4960
2023-10-05 04:38:00,4376
2023-10-05 04:39:00,4143
2023-10-05 04:40:00,3359
2023-10-05 04:41:00,2218
2023-10-05 04:42:00,2768
2023-10-05 04:43:00,3967
2023-10-05 04:44:00,4501
2023-10-05 04:45:00,3973
2023-10-05 04:46:00,4259
2023-10-05 04:47:00,3181
2023-10-05 04:48:00,2170
2023-10-05 04:49:00,2810
2023-10-05 04:50:00,4420
2023-10-05 04:51:00,4793
2023-10-05 04:52:00,4410
2023-10-05 04:53:00,4076
2023-10-05 04:54:00,3287
2023-10-05 04:55:00,2176
2023-10-05 04:56:00,2516
2023-10-05 04:57:00,4142
2023-10-05 04:58:00,4225
2023-10-05 04:59:00,4162
2023-10-05 05:00:00,3716
2023-10-05 05:01:00,3333
2023-10-05 05:02:00,1918
2023-10-05 05:03:00,2344
2023-10-05 05:04:00,3691
2023-10-05 05:05:00,4035
2023-10-05 05:06:00,3939
2023-10-05 05:07:00,3738
2023-10-05 05:08:00,2846
2023-10-05 05:09:00,1733
2023-10-05 05:10:00,2184
2023-10-05 05:11:00,3512
2023-10-05 05:12:00,3675
2023-10-05 05:13:00,3831
2023-10-05 05:14:00,2801
2023-10-05 05:15:00,2552
2023-10-05 05:16:00,1950
2023-10-05 05:17:00,2110
2023-10-05 05:18:00,4303
2023-10-05 05:19:00,3883
2023-10-05 05:20:00,4244
2023-10-05 05:21:00,3765
2023-10-05 05:22:00,3286
2023-10-05 05:23:00,1851
2023-10-05 05:24:00,2580
2023-10-05 05:25:00,4140
2023-10-05 05:26:00,4076
2023-10-05 05:27:00,4141
2023-10-05 05:28:00,3898
2023-10-05 05:29:00,3027
2023-10-05 05:30:00,1831
2023-10-05 05:31:00,2282
2023-10-05 05:32:00,4138
2023-10-05 05:33:00,4049
2023-10-05 05:34:00,4272
2023-10-05 05:35:00,4089
2023-10-05 05:36:00,3277
2023-10-05 05:37:00,1954
2023-10-05 05:38:00,2111
2023-10-05 05:39:00,3625
2023-10-05 05:40:00,4415
2023-10-05 05:41:00,3854
2023-10-05 05:42:00,4114
2023-10-05 05:43:00,3492
2023-10-05 05:44:00,1849
2023-10-05 05:45:00,2239
2023-10-05 05:46:00,3976
2023-10-05 05:47:00,4061
2023-10-05 05:48:00,3702
2023-10-05 05:49:00,3622
2023-10-05 05:50:00,3039
2023-10-05 05:51:00,1848
2023-10-05 05:52:00,2082
2023-10-05 05:53:00,3807
2023-10-05 05:54:00,3993
2023-10-05 05:55:00,3567
2023-10-05 05:56:00,3484
2023-10-05 05:57:00,2994
2023-10-05 05:58:00,1793
2023-10-05 05:59:00,2422
2023-10-05 06:00:00,4070
2023-10-05 06:01:00,3987
2023-10-05 06:02:00,3355
2023-10-05 06:03:00,2925
2023-10-05 06:04:00,3010
2023-10-05 06:05:00,1896
2023-10-05 06:06:00,2501
2023-10-05 06:07:00,3851
2023-10-05 06:08:00,4403
2023-10-05 06:09:00,4627
2023-10-05 06:10:00,4221
2023-10-05 06:11:00,3025
2023-10-05 06:12:00,1998
2023-10-05 06:13:00,2297
2023-10-05 06:14:00,3192
2023-10-05 06:15:00,4087
2023-10-05 06:16:00,4787
2023-10-05 06:17:00,4483
2023-10-05 06:18:00,3571
2023-10-05 06:19:00,2263
2023-10-05 06:20:00,2948
2023-10-05 06:21:00,4521
2023-10-05 06:22:00,4563
2023-10-05 06:23:00,4598
2023-10-05 06:24:00,4603
2023-10-05 06:25:00,3349
2023-10-05 06:26:00,2437
2023-10-05 06:27:00,3188
2023-10-05 06:28:00,5291
2023-10-05 06:29:00,5477
2023-10-05 06:30:00,5257
2023-10-05 06:31:00,5000
2023-10-05 06:32:00,3890
2023-10-05 06:33:00,2654
2023-10-05 06:34:00,3656
2023-10-05 06:35:00,5223
2023-10-05 06:36:00,5276
2023-10-05 06:37:00,5476
2023-10-05 06:38:00,5196
2023-10-05 06:39:00,4052
2023-10-05 06:40:00,2635
2023-10-05 06:41:00,4076
2023-10-05 06:42:00,5167
2023-10-05 06:43:00,4972
2023-10-05 06:44:00,5143
2023-10-05 06:45:00,4753
2023-10-05 06:46:00,3795
2023-10-05 06:47:00,2920
2023-10-05 06:48:00,3950
2023-10-05 06:49:00,5493
2023-10-05 06:50:00,5652
2023-10-05 06:51:00,5617
2023-10-05 06:52:00,5234
2023-10-05 06:53:00,4118
2023-10-05 06:54:00,2863
2023-10-05 06:55:00,4032
2023-10-05 06:56:00,5476
2023-10-05 06:57:00,5542
2023-10-05 06:58:00,5340
2023-10-05 06:59:00,5388
2023-10-05 07:00:00,4309
2023-10-05 07:01:00,3117
2023-10-05 07:02:00,4234
2023-10-05 07:03:00,5698
2023-10-05 07:04:00,5721
2023-10-05 07:05:00,6018
2023-10-05 07:06:00,5563
2023-10-05 07:07:00,4159
2023-10-05 07:08:00,2732
2023-10-05 07:09:00,3901
2023-10-05 07:10:00,5749
2023-10-05 07:11:00,5821
2023-10-05 07:12:00,5647
2023-10-05 07:13:00,5219
2023-10-05 07:14:00,4054
2023-10-05 07:15:00,2815
2023-10-05 07:16:00,4253
2023-10-05 07:17:00,5816
2023-10-05 07:18:00,5843
2023-10-05 07:19:00,6058
2023-10-05 07:20:00,6291
2023-10-05 07:21:00,4604
2023-10-05 07:22:00,3354
2023-10-05 07:23:00,4190
2023-10-05 07:24:00,5931
2023-10-05 07:25:00,6443
2023-10-05 07:26:00,5805
2023-10-05 07:27:00,5753
2023-10-05 07:28:00,4709
2023-10-05 07:29:00,3418
2023-10-05 07:30:00,4821
2023-10-05 07:31:00,6444
2023-10-05 07:32:00,6607
2023-10-05 07:33:00,6726
2023-10-05 07:34:00,6334
2023-10-05 07:35:00,4575
2023-10-05 07:36:00,3414
2023-10-05 07:37:00,4535
2023-10-05 07:38:00,5970
2023-10-05 07:39:00,5630
2023-10-05 07:40:00,5384
2023-10-05 07:41:00,4201
2023-10-05 07:42:00,3799
2023-10-05 07:43:00,3301
2023-10-05 07:44:00,4420
2023-10-05 07:45:00,6384
2023-10-05 07:46:00,6964
2023-10-05 07:47:00,6957
2023-10-05 07:48:00,6350
2023-10-05 07:49:00,5324
2023-10-05 07:50:00,3795
2023-10-05 07:51:00,5013
2023-10-05 07:52:00,7005
2023-10-05 07:53:00,6606
2023-10-05 07:54:00,6686
2023-10-05 07:55:00,6163
2023-10-05 07:56:00,4581
2023-10-05 07:57:00,2930
2023-10-05 07:58:00,3585
2023-10-05 07:59:00,4925
2023-10-05 08:00:00,4743
2023-10-05 08:01:00,4716
2023-10-05 08:02:00,3793
2023-10-05 08:03:00,2688
2023-10-05 08:04:00,1682
2023-10-05 08:05:00,1880
2023-10-05 08:06:00,2451
2023-10-05 08:07:00,1644
2023-10-05 08:08:00,1483
2023-10-05 08:09:00,1864
2023-10-05 08:10:00,1927
2023-10-05 08:11:00,1679
2023-10-05 08:12:00,1962
2023-10-05 08:13:00,2469
2023-10-05 08:14:00,1750
2023-10-05 08:15:00,1554
2023-10-05 08:16:00,2820
2023-10-05 08:17:00,2970
2023-10-05 08:18:00,2111
2023-10-05 08:19:00,2393
2023-10-05 08:20:00,3704
2023-10-05 08:21:00,3760
2023-10-05 08:22:00,3698
2023-10-05 08:23:00,4243
2023-10-05 08:24:00,3177
2023-10-05 08:25:00,2361
2023-10-05 08:26:00,2762
2023-10-05 08:27:00,4298
2023-10-05 08:28:00,3838
2023-10-05 08:29:00,3754
2023-10-05 08:30:00,3817
2023-10-05 08:31:00,3175
2023-10-05 08:32:00,2336
2023-10-05 08:33:00,2597
2023-10-05 08:34:00,3715
2023-10-05 08:35:00,4459
2023-10-05 08:36:00,4483
2023-10-05 08:37:00,4225
2023-10-05 08:38:00,3111
2023-10-05 08:39:00,2353
2023-10-05 08:40:00,3198
2023-10-05 08:41:00,4432
2023-10-05 08:42:00,4664
2023-10-05 08:43:00,4471
2023-10-05 08:44:00,4486
2023-10-05 08:45:00,3527
2023-10-05 08:46:00,2514
2023-10-05 08:47:00,2993
2023-10-05 08:48:00,4728
2023-10-05 08:49:00,4883
2023-10-05 08:50:00,5071
2023-10-05 08:51:00,4638
2023-10-05 08:52:00,3757
2023-10-05 08:53:00,2761
2023-10-05 08:54:00,3423
2023-10-05 08:55:00,5066
2023-10-05 08:56:00,4928
2023-10-05 08:57:00,4996
2023-10-05 08:58:00,5004
2023-10-05 08:59:00,3675
2023-10-05 09:00:00,2556
2023-10-05 09:01:00,3732
2023-10-05 09:02:00,4958
2023-10-05 09:03:00,4869
2023-10-05 09:04:00,5224
2023-10-05 09:05:00,4890
2023-10-05 09:06:00,3678
2023-10-05 09:07:00,2456
2023-10-05 09:08:00,3444
2023-10-05 09:09:00,5000
2023-10-05 09:10:00,5496
2023-10-05 09:11:00,5059
2023-10-05 09:12:00,4813
2023-10-05 09:13:00,3810
2023-10-05 09:14:00,2682
2023-10-05 09:15:00,3332
2023-10-05 09:16:00,4872
2023-10-05 09:17:00,5097
2023-10-05 09:18:00,4714
2023-10-05 09:19:00,5048
2023-10-05 09:20:00,3698
2023-10-05 09:21:00,2670
2023-10-05 09:22:00,3416
2023-10-05 09:23:00,4731
2023-10-05 09:24:00,4820
2023-10-05 09:25:00,4813
2023-10-05 09:26:00,4393
2023-10-05 09:27:00,3316
2023-10-05 09:28:00,2416
2023-10-05 09:29:00,2934
2023-10-05 09:30:00,2732
2023-10-05 09:31:00,3805
2023-10-05 09:32:00,3748
2023-10-05 09:33:00,3678
2023-10-05 09:34:00,3322
2023-10-05 09:35:00,2701
2023-10-05 09:36:00,3263
2023-10-05 09:37:00,4105
2023-10-05 09:38:00,4156
2023-10-05 09:39:00,4153
2023-10-05 09:40:00,4256
2023-10-05 09:41:00,3818
2023-10-05 09:42:00,3045
2023-10-05 09:43:00,4079
2023-10-05 09:44:00,4899
2023-10-05 09:45:00,4943
2023-10-05 09:46:00,4907
2023-10-05 09:47:00,4933
2023-10-05 09:48:00,4665
2023-10-05 09:49:00,3366
2023-10-05 09:50:00,3976
2023-10-05 09:51:00,4981
2023-10-05 09:52:00,5331
2023-10-05 09:53:00,5331
2023-10-05 09:54:00,5063
2023-10-05 09:55:00,4252
2023-10-05 09:56:00,3656
2023-10-05 09:57:00,4152
2023-10-05 09:58:00,5089
2023-10-05 09:59:00,5491
2023-10-05 10:00:00,5665
2023-10-05 10:01:00,5423
2023-10-05 10:02:00,4688
2023-10-05 10:03:00,4055
2023-10-05 10:04:00,4830
2023-10-05 10:05:00,5908
2023-10-05 10:06:00,5633
2023-10-05 10:07:00,5786
2023-10-05 10:08:00,5967
2023-10-05 10:09:00,4937
2023-10-05 10:10:00,4327
2023-10-05 10:11:00,5086
2023-10-05 10:12:00,6038
2023-10-05 10:13:00,6324
2023-10-05 10:14:00,6062
2023-10-05 10:15:00,5520
2023-10-05 10:16:00,4670
2023-10-05 10:17:00,4171
2023-10-05 10:18:00,4716
2023-10-05 10:19:00,5939
2023-10-05 10:20:00,6361
2023-10-05 10:21:00,6659
2023-10-05 10:22:00,6264
2023-10-05 10:23:00,5359
2023-10-05 10:24:00,4593
2023-10-05 10:25:00,5092
2023-10-05 10:26:00,6563
2023-10-05 10:27:00,6124
2023-10-05 10:28:00,5817
2023-10-05 10:29:00,6057
2023-10-05 10:30:00,4958
2023-10-05 10:31:00,3651
2023-10-05 10:32:00,4248
2023-10-05 10:33:00,5624
2023-10-05 10:34:00,5595
2023-10-05 10:35:00,5213
2023-10-05 10:36:00,5156
2023-10-05 10:37:00,4350
2023-10-05 10:38:00,3446
2023-10-05 10:39:00,3945
2023-10-05 10:40:00,4639
2023-10-05 10:41:00,5224
2023-10-05 10:42:00,5242
2023-10-05 10:43:00,4939
2023-10-05 10:44:00,4387
2023-10-05 10:45:00,3327
2023-10-05 10:46:00,3692
2023-10-05 10:47:00,4734
2023-10-05 10:48:00,4727
2023-10-05 10:49:00,4994
2023-10-05 10:50:00,4767
2023-10-05 10:51:00,4124
2023-10-05 10:52:00,3230
2023-10-05 10:53:00,3906
2023-10-05 10:54:00,4895
2023-10-05 10:55:00,4871
2023-10-05 10:56:00,4989
2023-10-05 10:57:00,4633
2023-10-05 10:58:00,4475
2023-10-05 10:59:00,2967
2023-10-05 11:00:00,3507
2023-10-05 11:01:00,4337
2023-10-05 11:02:00,4470
2023-10-05 11:03:00,4439
2023-10-05 11:04:00,4895
2023-10-05 11:05:00,3924
2023-10-05 11:06:00,2827
2023-10-05 11:07:00,3481
2023-10-05 11:08:00,4627
2023-10-05 11:09:00,4561
2023-10-05 11:10:00,4626
2023-10-05 11:11:00,4137
2023-10-05 11:12:00,3555
2023-10-05 11:13:00,2671
2023-10-05 11:14:00,3486
2023-10-05 11:15:00,4000
2023-10-05 11:16:00,3828
2023-10-05 11:17:00,3935
2023-10-05 11:18:00,3633
2023-10-05 11:19:00,2997
2023-10-05 11:20:00,2194
2023-10-05 11:21:00,2948
2023-10-05 11:22:00,4049
2023-10-05 11:23:00,3792
2023-10-05 11:24:00,4029
2023-10-05 11:25:00,3945
2023-10-05 11:26:00,3523
2023-10-05 11:27:00,2646
2023-10-05 11:28:00,3454
2023-10-05 11:29:00,3703
2023-10-05 11:30:00,3680
2023-10-05 11:31:00,3479
2023-10-05 11:32:00,3756
2023-10-05 11:33:00,3289
2023-10-05 11:34:00,2416
2023-10-05 11:35:00,2793
2023-10-05 11:36:00,3749
2023-10-05 11:37:00,3786
2023-10-05 11:38:00,4002
2023-10-05 11:39:00,3823
2023-10-05 11:40:00,3430
2023-10-05 11:41:00,2400
2023-10-05 11:42:00,2835
2023-10-05 11:43:00,4001
2023-10-05 11:44:00,3795
2023-10-05 11:45:00,3903
2023-10-05 11:46:00,3397
2023-10-05 11:47:00,3005
2023-10-05 11:48:00,2305
2023-10-05 11:49:00,2696
2023-10-05 11:50:00,3866
2023-10-05 11:51:00,3826
2023-10-05 11:52:00,3673
2023-10-05 11:53:00,3660
2023-10-05 11:54:00,3136
2023-10-05 11:55:00,2223
2023-10-05 11:56:00,2623
2023-10-05 11:57:00,3638
2023-10-05 11:58:00,3740
2023-10-05 11:59:00,3767
2023-10-05 12:00:00,3621
2023-10-05 12:01:00,2971
2023-10-05 12:02:00,2221
2023-10-05 12:03:00,2724
2023-10-05 12:04:00,3456
2023-10-05 12:05:00,3581
2023-10-05 12:06:00,2064
